<?xml version="1.0" encoding="UTF-8" standalone="yes"?>
<addon id="plugin.video.wwenetwork" name="WWE Network" version="2022.05.21" provider-name="lunartic + freyta + Publish3r">
    <requires>
        <import addon="xbmc.python" version="2.26.0"/>
        <import addon="script.module.requests" version="2.9.1"/>
        <import addon="inputstream.adaptive" version="2.0.10"/>
    </requires>
    <extension point="xbmc.python.pluginsource" library="main.py">
        <provides>video</provides>
    </extension>
    <extension point="xbmc.addon.metadata">
        <platform>all</platform>
        <summary lang="en_GB">Watch content from the WWE Network.</summary>
        <description lang="en_GB">If you're having issues with your WWE Network live stream: Enable proxy in addon settings.</description>
        <disclaimer lang="en_GB">Requires a WWE Network account.</disclaimer>
        <language>en</language>
        <platform>all</platform>
        <license>GNU GENERAL PUBLIC LICENSE. Version 2, June 1991</license>
        <website>https://watch.wwe.com/</website>
        <assets>
            <icon>icon.png</icon>
            <fanart>fanart.jpg</fanart>
        </assets>
    </extension>
</addon>